<?xml version="1.0" encoding="UTF-8"?>

<beans xmlns="http://www.springframework.org/schema/beans"
	xmlns:xsi="http://www.w3.org/2001/XMLSchema-instance"
	xmlns:context="http://www.springframework.org/schema/context"
	xsi:schemaLocation="http://www.springframework.org/schema/beans http://www.springframework.org/schema/beans/spring-beans-4.3.xsd
		http://www.springframework.org/schema/context http://www.springframework.org/schema/context/spring-context-4.3.xsd">
		
	<context:property-placeholder
		location="classpath:data/db.properties"/>
		
		<!-- DBCP 객체 Connection(hanul) -->
		<bean id="dbcp" class="org.apache.commons.dbcp.BasicDataSource" >
			<property name="driverClassName" value="${db.driver}"/>
			<property name="url" value="${db.url}"/>
			<property name="username" value="${db.username}"/>
			<property name="password" value="${db.password}"/>
		</bean>
		
		<!-- DBCP 객체 Connection(hr) -->
		<bean id="dbcp_hr" class="org.apache.commons.dbcp.BasicDataSource" >
			<property name="driverClassName" value="${db.driver}"/>
			<property name="url" value="${db.url}"/>
			<property name="username" value="${hr.username}"/>
			<property name="password" value="${hr.password}"/>
		</bean>
		
		<!-- hanul -->
		<bean id="factory" class="org.mybatis.spring.SqlSessionFactoryBean" >
			<property name="dataSource" ref="dbcp" />
			<property name="mapperLocations" value="classpath:sqlmap/*-mapper.xml" />
		</bean>
		
		<!-- hr -->
		<bean id="factory_hr" class="org.mybatis.spring.SqlSessionFactoryBean" >
			<property name="dataSource" ref="dbcp_hr" />
			<property name="mapperLocations" value="classpath:sqlmap/*-mapper.xml" />
		</bean>
		
		<!-- 쿼리문실행_hanul -->
		<bean class="org.mybatis.spring.SqlSessionTemplate" >
			<constructor-arg name="sqlSessionFactory" ref="factory" />
			<qualifier value="hanul" />
		</bean>
		
		<!-- 쿼리문실행_hr -->
		<bean class="org.mybatis.spring.SqlSessionTemplate" >
			<constructor-arg name="sqlSessionFactory" ref="factory_hr" />
			<qualifier value="hr" />
		</bean>
		
</beans>